id,conversation_id,created_at,date,time,timezone,user_id,username,name,place,tweet,mentions,urls,photos,replies_count,retweets_count,likes_count,location,hashtags,link,retweet,quote_url,video
1106964753719668743,1106964753719668743,1552755938000,2019-03-16,18:05:38,CET,906836698444779525,foulardr,Foulard rouge üß£,,Si ce soir les #giletsjaunes annoncent la tenue d‚Äôun #Acte19 c‚Äôest qu‚Äôils cautionnent tout ce qu‚Äôil s‚Äôest pass√© aujourd‚Äôhui √† Paris. #Acte18 #ActesXVIII pic.twitter.com/U3FECx7Glq,,[],"['https://pbs.twimg.com/media/D1y6kpfWoAEYUuj.jpg', 'https://pbs.twimg.com/media/D1y6kpiXgAAZNKV.jpg', 'https://pbs.twimg.com/media/D1y6kpfXcAYXKCb.jpg']",0,0,0,,"['#giletsjaunes', '#acte19', '#acte18', '#actesxviii']",https://twitter.com/FoulardR/status/1106964753719668743,,,0
1106962861165854720,1106962861165854720,1552755487000,2019-03-16,17:58:07,CET,1090011901864656902,gjmusulmans,Gilets Jaunes Musulmans,,#Acte18 plut√¥t r√©ussi Beaucoup d'ambiance On regrette la pr√©sence massive de CRS et Gendarmes mobiles pour seulement 1312 manifestants. C'√©tait pas n√©cessaire.  RAS √† part √ßa.  On transforme l'essai pour l'#acte19.  √Å samedi prochain.,,[],[],0,0,1,,"['#acte18', '#acte19']",https://twitter.com/GJMusulmans/status/1106962861165854720,,,0
1106962326144598018,1106864776397889536,1552755359000,2019-03-16,17:55:59,CET,993946874100043781,8mai20221,8 Mai 2022,,@Gendarmerie Vous voulez parler de vos coll√®gues? #Acte18 #Acte19 #GiletsJaunes,['gendarmerie'],[],[],1,0,1,,"['#acte18', '#acte19', '#giletsjaunes']",https://twitter.com/8Mai20221/status/1106962326144598018,,,0
1106961845993259009,1106961845993259009,1552755245000,2019-03-16,17:54:05,CET,993946874100043781,8mai20221,8 Mai 2022,,@Gendarmerie Vous voulez parler de vos coll√®gues? #Acte18 #Acte19 #GiletsJaunes https://twitter.com/Gendarmerie/status/1106864776397889536¬†‚Ä¶,['gendarmerie'],['https://twitter.com/Gendarmerie/status/1106864776397889536'],[],1,0,0,,"['#acte18', '#acte19', '#giletsjaunes']",https://twitter.com/8Mai20221/status/1106961845993259009,,https://twitter.com/Gendarmerie/status/1106864776397889536,0
1106956116985032704,1106956116985032704,1552753879000,2019-03-16,17:31:19,CET,623643491,blacksmilingcat,Le chat noir,,Bon ben #Acte19 la semaine prochaine ???  #Acte18,,[],[],2,0,0,,"['#acte19', '#acte18']",https://twitter.com/BlackSmilingCat/status/1106956116985032704,,,0
1106954677885849600,1106954677885849600,1552753536000,2019-03-16,17:25:36,CET,198788905,maximus_12346,Maximus,,#GiletsJaunes next week #Acte19  pic.twitter.com/SdHjMdA1FF,,[],['https://pbs.twimg.com/media/D1yw7UTWwAEmqCc.jpg'],0,0,0,,"['#giletsjaunes', '#acte19']",https://twitter.com/Maximus_12346/status/1106954677885849600,,,0
1106951489342312449,1106951489342312449,1552752775000,2019-03-16,17:12:55,CET,120865840,elisa6666,√âlisabeth #Acte17 StopViolencesPolicieres,,"on va en bouffer du fouquet's!  par contre les violences polici√®res on s attarde pas trop dessus, des fois que ... #dugland #acte18 #GiletJaunes #RIC #ACTE19  https://twitter.com/YahooActuFR/status/1106949330995503105¬†‚Ä¶",,['https://twitter.com/YahooActuFR/status/1106949330995503105'],[],1,0,0,,"['#dugland', '#acte18', '#giletjaunes', '#ric', '#acte19']",https://twitter.com/Elisa6666/status/1106951489342312449,,https://twitter.com/YahooActuFR/status/1106949330995503105,0
1106943827762446336,1106943827762446336,1552750949000,2019-03-16,16:42:29,CET,2810717458,jphtwittes,JPH Twittes,,Sc√®nes de chaos sur les Champs-Elys√©es aujourd'hui üî•üî•üî• . L‚Äô#Acte18 a rassembl√© beaucoup de #GiletsJaunes a #Paris pour manifester contre le #Macron et son gouvernement de faux-culs de #LREM üí•üößüí• . Il y aura un #Acte19 ! Tant que #Macron ne c√©dera pas aux revendications üí• pic.twitter.com/sn2bZd1K5f,,[],['https://pbs.twimg.com/media/D1ynioRX4AE1b_l.jpg'],2,1,0,,"['#acte18', '#giletsjaunes', '#paris', '#macron', '#lrem', '#acte19', '#macron']",https://twitter.com/jphtwittes/status/1106943827762446336,,,0
1106943735244431361,1106943735244431361,1552750927000,2019-03-16,16:42:07,CET,576150916,jphnomade,Ô£ø  J.P.H  Ô£ø,,Sc√®nes de chaos sur les Champs-Elys√©es aujourd'hui üî•üî•üî• . L‚Äô#Acte18 a rassembl√© beaucoup de #GiletsJaunes a #Paris pour manifester contre le #Macron et son gouvernement de faux-culs de #LREM üí•üößüí• . Il y aura un #Acte19 ! Tant que #Macron ne c√©dera pas aux revendications üí• pic.twitter.com/ZxSkWpUxJm,,[],['https://pbs.twimg.com/media/D1yndM-WwAEXrxR.jpg'],0,2,2,,"['#acte18', '#giletsjaunes', '#paris', '#macron', '#lrem', '#acte19', '#macron']",https://twitter.com/jphnomade/status/1106943735244431361,,,0
1106926356317831171,1106926356317831171,1552746783000,2019-03-16,15:33:03,CET,1024171677834457088,avincen59706891,A_Vincent  üá´üá∑,,"Le Pr√©sident #Macron et Madame sont en #vacances √† la Mongie.  ""Je vais passer deux-trois jours ici pour me ressourcer, retrouver des paysages et des visages amis"" Pour cela, le souhaite un #Acte19. #GiletsJaunes https://www.rtl.fr/actu/politique/hautes-pyrenees-emmanuel-macron-decompresse-a-la-station-de-ski-de-la-mongie-7797222606/amp?__twitter_impression=true¬†‚Ä¶",,['https://www.rtl.fr/actu/politique/hautes-pyrenees-emmanuel-macron-decompresse-a-la-station-de-ski-de-la-mongie-7797222606/amp?__twitter_impression=true'],[],0,1,0,,"['#macron', '#vacances', '#acte19', '#giletsjaunes']",https://twitter.com/AVincen59706891/status/1106926356317831171,,,0
1106916763684556801,1106916763684556801,1552744496000,2019-03-16,14:54:56,CET,1454786988,fberducou,Vu_du_ciel,,Il faut enqu√™ter sur la jeune fille. Est-elle mineur ou prostitu√©e ? Que pensent-ils les parents ? Que peut faire la justice en voyant Mr Castaner ministre tripoter publiquement une jeune fille? S-agit-il des attouchements ...?  #giletsjaunes #Acte19 #justice https://twitter.com/KimJongUnique/status/1106908213939748868¬†‚Ä¶,,['https://twitter.com/KimJongUnique/status/1106908213939748868'],[],0,0,0,,"['#giletsjaunes', '#acte19', '#justice']",https://twitter.com/fberducou/status/1106916763684556801,,https://twitter.com/KimJongUnique/status/1106908213939748868,0
1106903014915354624,1106903014915354624,1552741218000,2019-03-16,14:00:18,CET,120865840,elisa6666,√âlisabeth #Acte17 StopViolencesPolicieres,,Paris br√ªle. #Macron s'√©clate au ski #Castaner nique en boite ...  #lafrance #GiletsJaunes #acte18 #acte19 #acte20 #MaconCastanerLremCassezVous ! #stopmacron #stoplrem  https://amp.lepoint.fr/2301597?__twitter_impression=true¬†‚Ä¶,,['https://amp.lepoint.fr/2301597?__twitter_impression=true'],[],0,0,0,,"['#macron', '#castaner', '#lafrance', '#giletsjaunes', '#acte18', '#acte19', '#acte20', '#maconcastanerlremcassezvous', '#stopmacron', '#stoplrem']",https://twitter.com/Elisa6666/status/1106903014915354624,,,0
1106886091032981505,1106886091032981505,1552737183000,2019-03-16,12:53:03,CET,1470319988,pascalbauche,Pascal Bauche,,"Si on peut filmer des casseurs √† quelques m√®tres, on peut les interpeller! C‚Äôest une question de volont√© politique! Ou plut√¥t de choix politique pour discr√©diter un mouvement social... Comme lors du 1er Mai 2018. #Acte19",,[],[],0,3,3,,['#acte19'],https://twitter.com/pascalbauche/status/1106886091032981505,,,0
1106881137421500416,1106881137421500416,1552736002000,2019-03-16,12:33:22,CET,1470319988,pascalbauche,Pascal Bauche,,"Nous sommes dans une situation bien plus grave qu‚Äôen 1968.  A l‚Äô√©poque le Pouvoir avait donn√© 30% d‚Äôaugmentation sur le salaire minimum et 10% sur les salaires en g√©n√©ral.  Mais le Pouvoir √©tait attentif! Surtout libre de le faire, sans l‚Äôinterdit de l‚ÄôUE ! üëâ #Frexit #Acte19",,[],[],2,3,11,,"['#frexit', '#acte19']",https://twitter.com/pascalbauche/status/1106881137421500416,,,0
1106878021296779264,1106878021296779264,1552735259000,2019-03-16,12:20:59,CET,1470319988,pascalbauche,Pascal Bauche,,Je fais bien la diff√©rence entre les #GiletsJaunes et les casseurs. Mais tant que le Gouvernement restera sourd √† la souffrance de beaucoup fran√ßais nous aurons #Acte18 #Acte19 #Acte20 etc etc... Mais pour pouvoir r√©pondre √† la d√©tresse des Fran√ßais il faut √™tre libre! üëâ #Frexit,,[],[],1,3,12,,"['#giletsjaunes', '#acte18', '#acte19', '#acte20', '#frexit']",https://twitter.com/pascalbauche/status/1106878021296779264,,,0
1106875510854959104,1106864588203704320,1552734661000,2019-03-16,12:11:01,CET,1071805600995131392,citoyensmepris1,citoyens mepris√©s,,Beaucoup de forains sont d√©j√† arriv√© #Acte19 #GiletsJaunes,['tjcompte'],[],[],0,1,0,,"['#acte19', '#giletsjaunes']",https://twitter.com/citoyensmepris1/status/1106875510854959104,,,0
1106868272362868737,1106868272362868737,1552732935000,2019-03-16,11:42:15,CET,2968228996,sherkkane,Mumu,,@CNEWS en nassant tlm √† 9:30 du matin en fermant toutes les rues : mais vs vs attendiez √† quoi franchement ? #violence #arcdetriomphe #acte19 #Giletsjaunes,['cnews'],[],[],0,0,0,,"['#violence', '#arcdetriomphe', '#acte19', '#giletsjaunes']",https://twitter.com/sherkkane/status/1106868272362868737,,,0
1106836530780348416,1106836530780348416,1552725367000,2019-03-16,09:36:07,CET,2968228996,sherkkane,Mumu,,@CNEWS 9:30 du mat et les #giletsjaunes sont D√âJ√Ä nass√©s #arcdetriomphe #Paris #acte19 . Ne vous √©tonnez pas apr√®s !!!,['cnews'],[],[],0,0,0,,"['#giletsjaunes', '#arcdetriomphe', '#paris', '#acte19']",https://twitter.com/sherkkane/status/1106836530780348416,,,0
1106820630580785152,1106820630580785152,1552721576000,2019-03-16,08:32:56,CET,2827103217,btlmulet29,üöÅ,,"Un balais dans le cul, des interventions inutile, un moralisateur digne d‚Äôune classe de CE2, Marc n‚Äôa pas conscience que des qu‚Äôil prend la parole et r√©dige sur son iPad il se rend encore plus ridicule qu‚Äôil ne l‚Äôest d√©j√†. #Acte19 #MarcHumbert2022 #YouthForClimate https://twitter.com/marchumbsert/status/1106819629803098112¬†‚Ä¶",,['https://twitter.com/marchumbsert/status/1106819629803098112'],[],2,0,2,,"['#acte19', '#marchumbert2022', '#youthforclimate']",https://twitter.com/BtlMulet29/status/1106820630580785152,,https://twitter.com/marchumbsert/status/1106819629803098112,0
1106820533977604096,1106820533977604096,1552721553000,2019-03-16,08:32:33,CET,120865840,elisa6666,√âlisabeth #Acte17 StopViolencesPolicieres,,Hey les #medias!  @lci @BFMTV @CNEWS @FranceInfo @fr2 @tf1 @fr3 ...   un petit mot peut √™tre ? #filtrage #GiletsJaunesparis #giletsjaunes #16mars #acte18 #acte19 #acte20 ... https://twitter.com/EnCausee/status/1106620848205631489¬†‚Ä¶,"['lci', 'bfmtv', 'cnews', 'franceinfo', 'fr2', 'tf1', 'fr3']",['https://twitter.com/EnCausee/status/1106620848205631489'],[],0,2,3,,"['#medias', '#filtrage', '#giletsjaunesparis', '#giletsjaunes', '#16mars', '#acte18', '#acte19', '#acte20']",https://twitter.com/Elisa6666/status/1106820533977604096,,https://twitter.com/EnCausee/status/1106620848205631489,0
1106815913171603456,1106815913171603456,1552720452000,2019-03-16,08:14:12,CET,120865840,elisa6666,√âlisabeth #Acte17 StopViolencesPolicieres,,"@NathalieStCricq T'AS PAS HONTE?  #StopFachos ! #StopRN #OnOubliraPas #ACTE18 #ACTE19 #ACTE20 ...#GiletsJaunes #paris #Bordeaux  Elle a travaill√© blablabla. Non mais cache toi s√©rieux! T m√™me pas cr√©dible. #Smic √† 36‚Äâ‚Ç¨, retraites, vaccins obligatoires‚Ä¶  https://www.ouest-france.fr/politique/marine-le-pen/smic-36-eu-retraites-vaccins-obligatoires-les-erreurs-de-marine-le-pen-dans-l-emission-politique-6264458¬†‚Ä¶ https://twitter.com/LEPolitique/status/1106325345215660032¬†‚Ä¶",['nathaliestcricq'],"['https://www.ouest-france.fr/politique/marine-le-pen/smic-36-eu-retraites-vaccins-obligatoires-les-erreurs-de-marine-le-pen-dans-l-emission-politique-6264458', 'https://twitter.com/LEPolitique/status/1106325345215660032']",[],0,1,0,,"['#stopfachos', '#stoprn', '#onoublirapas', '#acte18', '#acte19', '#acte20', '#giletsjaunes', '#paris', '#bordeaux', '#smic']",https://twitter.com/Elisa6666/status/1106815913171603456,,https://twitter.com/LEPolitique/status/1106325345215660032,0
1106745259881566208,1106745259881566208,1552703606000,2019-03-16,03:33:26,CET,249401017,wwrevolution,WorldWideRevolution,,23 mars. √™tes-vous pr√™t pour l'acte 19? #GiletJaune #GiletsJaunes #JeSuisUnGiletJaune #Macron #Poll #Sondage #Acte19 #Acte20 #Acte21 #Acte18 #ActeXIX #ActeXVIII #Act19 #ActXIX #YellowVests #YellowVest #GiletsJaunesParis #VivaLaFrance #RIC #JoinTheMovement #GILETS_JAUNES,,[],[],0,4,0,,"['#giletjaune', '#giletsjaunes', '#jesuisungiletjaune', '#macron', '#poll', '#sondage', '#acte19', '#acte20', '#acte21', '#acte18', '#actexix', '#actexviii', '#act19', '#actxix', '#yellowvests', '#yellowvest', '#giletsjaunesparis', '#vivalafrance', '#ric', '#jointhemovement', '#gilets_jaunes']",https://twitter.com/WWRevolution/status/1106745259881566208,,,0
1106664408502157312,1106661036751507456,1552684330000,2019-03-15,22:12:10,CET,2409521809,petitkon,PetitKon,,"n'est ce pas .. certains #giletsjaunes sont tr√®s pacifistes,  et ne viennent que manifester... m'enfin, on l'esp√®re .. #acte18 #acte19 #acte54 #acte365 pic.twitter.com/cJTlOAhjjU","['philippe_perols', 'ccastaner']",[],"['https://pbs.twimg.com/media/D1un3O_X0AAslyj.png', 'https://pbs.twimg.com/media/D1uowLSXQAAuhpb.jpg', 'https://pbs.twimg.com/media/D1upPr4WsAAaMdk.jpg', 'https://pbs.twimg.com/media/D1upPspWsAITENH.jpg']",4,2,0,,"['#giletsjaunes', '#acte18', '#acte19', '#acte54', '#acte365']",https://twitter.com/PetitKon/status/1106664408502157312,,,0
1106661809484894208,1106661036751507456,1552683710000,2019-03-15,22:01:50,CET,2409521809,petitkon,PetitKon,,normal !  vu ce qu'on trouve dans les sacs et dans les coffres de certains #giletsjaunes ! #acte18 #acte19 #acte20 #acte54 #acte360 .,"['philippe_perols', 'ccastaner']",[],[],1,2,0,,"['#giletsjaunes', '#acte18', '#acte19', '#acte20', '#acte54', '#acte360']",https://twitter.com/PetitKon/status/1106661809484894208,,,0
1106542445150593026,1106540365430091782,1552655252000,2019-03-15,14:07:32,CET,120865840,elisa6666,√âlisabeth #Acte17 StopViolencesPolicieres,,baroud d'honneur  üòÑ  tss! Attend y a l' #acte19 #acte20 qui vont suivent ...,['renaudpila'],[],[],0,0,0,,"['#acte19', '#acte20']",https://twitter.com/Elisa6666/status/1106542445150593026,,,0
1106131295195795458,1106131295195795458,1552557226000,2019-03-14,10:53:46,CET,773049843644268544,kuhljean,Jean Kuhl üéó,,#GiletsJaunes #GiletJaune #GiletJaunes #gilets_jaunes #giletsjaunesLyon #GiletsJaunesParis #giletsjaunes974 #Drouet #Acte18 #ActeXVIII #acte19 #acteXIX #acte20 #acteXX #16mars #23mars #30mars #oncontinue #GreveGenerale #taxes #Retraites #CSG #crise #MacronDemission #findumois https://twitter.com/infirmierei/status/1106126354779721733¬†‚Ä¶,,['https://twitter.com/infirmierei/status/1106126354779721733'],[],0,0,0,,"['#giletsjaunes', '#giletjaune', '#giletjaunes', '#gilets_jaunes', '#giletsjauneslyon', '#giletsjaunesparis', '#giletsjaunes974', '#drouet', '#acte18', '#actexviii', '#acte19', '#actexix', '#acte20', '#actexx', '#16mars', '#23mars', '#30mars', '#oncontinue', '#grevegenerale', '#taxes', '#retraites', '#csg', '#crise', '#macrondemission', '#findumois']",https://twitter.com/KuhlJean/status/1106131295195795458,,https://twitter.com/InfirmiereI/status/1106126354779721733,0
1105816829367328768,1105797004024778753,1552482251000,2019-03-13,14:04:11,CET,324564613,eric_claxon,Eric Claxon ¬©,,Et alors !! Vous n'avez rien compris √† la politique Monsieur @StanGuerini en clair sugg√®re si les #Giletsjaunes entament un #Acte19 c'est 2 jours de salaires qui leur seront ponctionn√©! Ce n'est pas un foutage de gueule c'est leur foutre sur la gueule gratuitement ...Nuance  pic.twitter.com/83maFqSQU4,"['hogwxrts', 'stanguerini']",[],['https://pbs.twimg.com/media/D1imVLRW0AIOjxV.jpg'],0,1,0,,"['#giletsjaunes', '#acte19']",https://twitter.com/Eric_Claxon/status/1105816829367328768,,,0
1105496261598347264,1105496261598347264,1552405822000,2019-03-12,16:50:22,CET,120865840,elisa6666,√âlisabeth #Acte17 StopViolencesPolicieres,,@BGriveaux Tu as un message üëá #Acte18 #acte19 #acte20 ... #16Mars #GiletsJaunes #stopviolencespolicieres https://twitter.com/davduf/status/1105474282258350080¬†‚Ä¶,['bgriveaux'],['https://twitter.com/davduf/status/1105474282258350080'],[],0,1,0,,"['#acte18', '#acte19', '#acte20', '#16mars', '#giletsjaunes', '#stopviolencespolicieres']",https://twitter.com/Elisa6666/status/1105496261598347264,,https://twitter.com/davduf/status/1105474282258350080,0
1105257057563959297,1105257057563959297,1552348791000,2019-03-12,00:59:51,CET,2455837951,frankel89666762,Durand,,#acte19 MEDITATION STROMBOLIENNE  https://twitter.com/AQuatennens/status/1105217133913485314¬†‚Ä¶,,['https://twitter.com/AQuatennens/status/1105217133913485314'],[],0,0,0,,['#acte19'],https://twitter.com/Frankel89666762/status/1105257057563959297,,https://twitter.com/AQuatennens/status/1105217133913485314,0
1105237457254207489,1105237457254207489,1552344118000,2019-03-11,23:41:58,CET,2455837951,frankel89666762,Durand,,"L'IMAGINATION DE CE GARCON L'A MENE A L'ELYSEE COMME ELLE L'AMENERA A COMMETTRE LE PIRE ,CELA ETANT PRESQUE FAIT ,L'IRREPARABLE QUE NOUS ATTENDONS #acte19  https://twitter.com/GaetanEscorbiac/status/1105234714791682048¬†‚Ä¶",,['https://twitter.com/GaetanEscorbiac/status/1105234714791682048'],[],0,0,0,,['#acte19'],https://twitter.com/Frankel89666762/status/1105237457254207489,,https://twitter.com/GaetanEscorbiac/status/1105234714791682048,0
1105078117058646016,1101621728713850880,1552306129000,2019-03-11,13:08:49,CET,249401017,wwrevolution,WorldWideRevolution,,Il n'y a rien de mal avec le capitalisme et le globalisme. Mais ce que nous avons est un m√©lange qui devient l'esclavage #Acte19 #Acte18 #Acte20 #ActeXVIII #ActeXIX #ActeXX #Act17 #Act18 #ActXVIII #ActXIX #ActXX #YellowVests #GiletJaune #YellowVest pic.twitter.com/zaSET7J95G,,[],[],0,1,0,,"['#acte19', '#acte18', '#acte20', '#actexviii', '#actexix', '#actexx', '#act17', '#act18', '#actxviii', '#actxix', '#actxx', '#yellowvests', '#giletjaune', '#yellowvest']",https://twitter.com/WWRevolution/status/1105078117058646016,,,1
1105024417850183680,1105005358890827777,1552293326000,2019-03-11,09:35:26,CET,910174387323768832,bobodi5,Bobodi,,Une belle bande de traitres. Recouvrez moi tout ces abrutis de merde. #acte18 #acte19 #acte20 #GiletsJaunes #macron,"['qmike5491', 'sandrafellous_']",[],[],0,0,0,,"['#acte18', '#acte19', '#acte20', '#giletsjaunes', '#macron']",https://twitter.com/Bobodi5/status/1105024417850183680,,,0
1104936684184129536,1104404336212430854,1552272408000,2019-03-11,03:46:48,CET,249401017,wwrevolution,WorldWideRevolution,,"Bient√¥t, il n'y aura plus qu'un seul pays sur la terre.  #GiletJaune #GiletsJaunes #JeSuisUnGiletJaune #Macron #Poll #Sondage #Acte19 #Acte18 #ActeXIX #ActeXVIII #Act18 #ActXVIII #YellowVests #YellowVest #GiletsJaunesParis #VivaLaFrance #RIC #JoinTheMovement #GILETS_JAUNES",,[],[],1,4,0,,"['#giletjaune', '#giletsjaunes', '#jesuisungiletjaune', '#macron', '#poll', '#sondage', '#acte19', '#acte18', '#actexix', '#actexviii', '#act18', '#actxviii', '#yellowvests', '#yellowvest', '#giletsjaunesparis', '#vivalafrance', '#ric', '#jointhemovement', '#gilets_jaunes']",https://twitter.com/WWRevolution/status/1104936684184129536,,,0
1104900559860056064,1104900559860056064,1552263796000,2019-03-11,01:23:16,CET,299743988,myriame630,Myriame la patriote.,,#Acte19 #Tous√†Paris #Parisestanous #GiletsJaunes  https://www.facebook.com/events/294523747909404/¬†‚Ä¶ GILETS JAUNES NON A LA HAUSSE DES PRIX ! pic.twitter.com/1BGQgHayii,,['https://www.facebook.com/events/294523747909404/'],['https://pbs.twimg.com/media/D1VkzzQWsAAouo2.png'],0,0,1,,"['#acte19', '#tous√†paris', '#parisestanous', '#giletsjaunes']",https://twitter.com/Myriame630/status/1104900559860056064,,,0
1104868060358426624,1104868060358426624,1552256047000,2019-03-10,23:14:07,CET,120865840,elisa6666,√âlisabeth #Acte17 StopViolencesPolicieres,,"Loi ""anticasseurs""¬†: retour gagnant au S√©nat, vers une adoption d√©finitive - Sud  http://Ouest.fr¬†  https://www.sudouest.fr/2019/03/10/loi-anticasseurs-retour-gagnant-au-senat-vers-une-adoption-definitive-5885343-710.php¬†‚Ä¶ #16mars #PARIS #GiletsJaunes #ActeXVIII #act18 #Acte18 #acte19 #acte20 #politique üí©üñïL fachos en marche #LFEM üí©üñï#MacronCoupableDuPire #onlacherien",,"['http://Ouest.fr', 'https://www.sudouest.fr/2019/03/10/loi-anticasseurs-retour-gagnant-au-senat-vers-une-adoption-definitive-5885343-710.php']",[],0,0,0,,"['#16mars', '#paris', '#giletsjaunes', '#actexviii', '#act18', '#acte18', '#acte19', '#acte20', '#politique', '#lfem', '#macroncoupabledupire', '#onlacherien']",https://twitter.com/Elisa6666/status/1104868060358426624,,,0
1104790549658251264,1104721108090130433,1552237567000,2019-03-10,18:06:07,CET,910174387323768832,bobodi5,Bobodi,,"Ferme ta gueule, sac de merde.  Les sites catho,  histoire de notre pays,  ne te concerne m√™me plus.  Ta mere doit pleurer de t avoir mis au monde.  Sous homme.  Suceur d islamiste  Si si c est toi @CCastaner #Acte18 #acte19 #acte20","['ccastaner', 'policenationale']",[],[],0,0,1,,"['#acte18', '#acte19', '#acte20']",https://twitter.com/Bobodi5/status/1104790549658251264,,,0
1104432819055575040,1104432819055575040,1552152278000,2019-03-09,18:24:38,CET,726472657147830272,slibre6,Yves,,#gilet #GiletJaune #gilets_jaunes #ActeXVII #Acte17 #acteXVIII #acte18 salaires economie #acteXIX #acte19 Des parking de voitures neuves ! C'est pas un scandale √ßa ! alors qu'il suffirait de baisser le prix   Une voiture neuve √† 3000‚Ç¨ √ßa vous arracherait pas le coeur ? non ?  pic.twitter.com/VgBRq4xYwf,,[],['https://pbs.twimg.com/media/D1O7xypWwAIg_rV.png'],0,0,0,,"['#gilet', '#giletjaune', '#gilets_jaunes', '#actexvii', '#acte17', '#actexviii', '#acte18', '#actexix', '#acte19']",https://twitter.com/slibre6/status/1104432819055575040,,,0
1104432252526583809,1104432252526583809,1552152143000,2019-03-09,18:22:23,CET,726472657147830272,slibre6,Yves,,#gilet #GiletJaune #gilets_jaunes #ActeXVII #Acte17 #acteXVIII #acte18 salaires economie #acteXIX #acte19 Des parking de voitures neuves ! C'est pas un scandale √ßa ! alors qu'il suffirait de baisser le prix   Une voiture neuve √† 3000‚Ç¨ √ßa vous arracherait pas le coeur ? non ?  pic.twitter.com/6nCC5rwOqO,,[],['https://pbs.twimg.com/media/D1O7Q-FXgAUcfaz.jpg'],0,0,0,,"['#gilet', '#giletjaune', '#gilets_jaunes', '#actexvii', '#acte17', '#actexviii', '#acte18', '#actexix', '#acte19']",https://twitter.com/slibre6/status/1104432252526583809,,,0
1104404336212430854,1104404336212430854,1552145487000,2019-03-09,16:31:27,CET,249401017,wwrevolution,WorldWideRevolution,,16 mars. √™tes-vous pr√™t pour l'acte 18? #GiletJaune #GiletsJaunes #JeSuisUnGiletJaune #Macron #Poll #Sondage #Acte19 #Acte18 #Acte20 #Acte19 #ActeXVIII #ActeXIV #Act18 #ActXVIII #YellowVests #YellowVest #GiletsJaunesParis #VivaLaFrance #RIC #JoinTheMovement #GILETS_JAUNES,,[],[],2,2,1,,"['#giletjaune', '#giletsjaunes', '#jesuisungiletjaune', '#macron', '#poll', '#sondage', '#acte19', '#acte18', '#acte20', '#acte19', '#actexviii', '#actexiv', '#act18', '#actxviii', '#yellowvests', '#yellowvest', '#giletsjaunesparis', '#vivalafrance', '#ric', '#jointhemovement', '#gilets_jaunes']",https://twitter.com/WWRevolution/status/1104404336212430854,,,0
1104393831238324224,1104393831238324224,1552142982000,2019-03-09,15:49:42,CET,716188489302327296,smictrash,foobiker,,#acte19 #acteXIX #giletsjaunes2019 #paris #9Mars2019 pic.twitter.com/Lm7RsaxC6n,,[],"['https://pbs.twimg.com/media/D1OYUgZX0AAS4y4.jpg', 'https://pbs.twimg.com/media/D1OYUgEWwAIdCjV.jpg']",0,0,1,,"['#acte19', '#actexix', '#giletsjaunes2019', '#paris', '#9mars2019']",https://twitter.com/Smictrash/status/1104393831238324224,,,0
1104138280730329090,1104138280730329090,1552082054000,2019-03-08,22:54:14,CET,1102136594994221056,eteintt,√âteint Ta Tv,,"Nous, on vous invite √† r√©pondre aux questions de #ONU avant de faire la le√ßon Mr le ministre #Castaner et ainsi r√©pondre de vos crimes #ViolencesPolicieres  Nous sommes le pays des droits de l'homme #DroitDeManifestation  Toujours ! #Acte16 #Acte18 #Acte19 #OnNeLacheRien https://twitter.com/Europe1/status/1104125727027482629¬†‚Ä¶",,['https://twitter.com/Europe1/status/1104125727027482629'],[],0,0,0,,"['#onu', '#castaner', '#violencespolicieres', '#droitdemanifestation', '#acte16', '#acte18', '#acte19', '#onnelacherien']",https://twitter.com/EteintT/status/1104138280730329090,,https://twitter.com/Europe1/status/1104125727027482629,0
1103973253666742272,1103909463122169856,1552042709000,2019-03-08,11:58:29,CET,1543813320,mrjumper02,‚úû Patrick CHENU üá´üá∑ #GiletsJaunes,,"Il y a une constante chez les organes d‚Äôinfluence (terme employ√© par #Macron pour d√©signer les journalistes) dans la Com., il faut sortir de temps en temps des articles √† charges afin de d√©primer les #GiletsJaunes mais nous ne sommes plus dupes üòâüòÇü§£ #Acte17 #Acte18 #Acte19  pic.twitter.com/irDYzBEXdR",['franceinfo'],[],['https://pbs.twimg.com/media/D1IZz4cWsAEPPCQ.jpg'],3,19,18,,"['#macron', '#giletsjaunes', '#acte17', '#acte18', '#acte19']",https://twitter.com/MrJumper02/status/1103973253666742272,,,0
1103926289583370240,1103926289583370240,1552031512000,2019-03-08,08:51:52,CET,1083915256374673409,timtruth1,Tim Truth,,ACT 17 Preview and News for Yellow Vests:  #YellowVests #GiletsJaunes #LBD #Act19 #Acte19 #France #PatriotResistance  https://youtu.be/VW35TF8vUO0¬†,,['https://youtu.be/VW35TF8vUO0'],[],0,0,0,,"['#yellowvests', '#giletsjaunes', '#lbd', '#act19', '#acte19', '#france', '#patriotresistance']",https://twitter.com/TimTruth1/status/1103926289583370240,,,0
1103394125469093888,1103394017843310596,1551904634000,2019-03-06,21:37:14,CET,406377375,olivierrimmel,Olivier Rimmel üïäÔ∏è,,#acte19 et #acte20 üòá,,[],[],1,2,9,,"['#acte19', '#acte20']",https://twitter.com/OlivierRimmel/status/1103394125469093888,,,0
1103266486221709312,1103266486221709312,1551874202000,2019-03-06,13:10:02,CET,1068600253232881665,etjauneg,Etjaune Gil,,Samedi 23 mars 2019  #Acte19 #ActeXIX #GiletsJaunes https://twitter.com/YourAnonNews/status/1103263376669659136¬†‚Ä¶,,['https://twitter.com/YourAnonNews/status/1103263376669659136'],[],0,2,0,,"['#acte19', '#actexix', '#giletsjaunes']",https://twitter.com/EtjauneG/status/1103266486221709312,,https://twitter.com/YourAnonNews/status/1103263376669659136,0
1103164315727810560,1103164315727810560,1551849843000,2019-03-06,06:24:03,CET,3917985869,mouzoulman,Mouzoul Man üíõ,,#Guyane #Guadeloupe #Martinique #SaintMartin #Antilles #SaintPierreetMiquelon #Mayotte #LaReunion #NouvelleCaledonie #WallisetFutuna #Polynesie #16mars2019 #23mars2019 #30mars2019 #acte17 #Acte18 #ActeXVII #ActeXVIII #Acte19 #Acte20 #acteXIX #acteXX #MacronDemission #MacronIe https://twitter.com/kuhljean/status/1103155344002482177¬†‚Ä¶,,['https://twitter.com/kuhljean/status/1103155344002482177'],[],0,0,0,,"['#guyane', '#guadeloupe', '#martinique', '#saintmartin', '#antilles', '#saintpierreetmiquelon', '#mayotte', '#lareunion', '#nouvellecaledonie', '#wallisetfutuna', '#polynesie', '#16mars2019', '#23mars2019', '#30mars2019', '#acte17', '#acte18', '#actexvii', '#actexviii', '#acte19', '#acte20', '#actexix', '#actexx', '#macrondemission', '#macronie']",https://twitter.com/mouzoulman/status/1103164315727810560,,https://twitter.com/KuhlJean/status/1103155344002482177,0
1103130608446910464,1103130608446910464,1551841806000,2019-03-06,04:10:06,CET,3917985869,mouzoulman,Mouzoul Man üíõ,,#giletsjaunesmarseille #giletsjaunes976 #giletsjaunes975 #giletsjaunes974 #giletsjaunes973 #giletsjaunes972 #giletsjaunes971 #giletsjaunes83 #Drouet #ActeXVII #Acte18 #acte17 #ActeXVIII #Acte19 #acteXIX #Acte20 #acteXX #9mars2019 #16mars2019 #23mars2019 #30mars2019 #6avril2019 https://twitter.com/InfirmiereI/status/1103109445037555712¬†‚Ä¶,,['https://twitter.com/InfirmiereI/status/1103109445037555712'],[],0,0,1,,"['#giletsjaunesmarseille', '#giletsjaunes976', '#giletsjaunes975', '#giletsjaunes974', '#giletsjaunes973', '#giletsjaunes972', '#giletsjaunes971', '#giletsjaunes83', '#drouet', '#actexvii', '#acte18', '#acte17', '#actexviii', '#acte19', '#actexix', '#acte20', '#actexx', '#9mars2019', '#16mars2019', '#23mars2019', '#30mars2019', '#6avril2019']",https://twitter.com/mouzoulman/status/1103130608446910464,,https://twitter.com/InfirmiereI/status/1103109445037555712,0
1103129846425837568,1103129846425837568,1551841625000,2019-03-06,04:07:05,CET,3917985869,mouzoulman,Mouzoul Man üíõ,,#findumois #giletsjaunesmarseille #giletsjaunes83 #GiletJaunes #GiletJaune #Drouet #giletsjaunes974 #giletsjaunes976 #giletsjaunes975 #giletsjaunes973 #giletsjaunes972 #giletsjaunes971 #Acte18 #Acte19 #Acte20 #9mars2019 #16mars2019 #16mars #23mars2019 #30mars2019 #6avril2019 https://twitter.com/infirmierei/status/1103114760046944257¬†‚Ä¶,,['https://twitter.com/infirmierei/status/1103114760046944257'],[],0,0,0,,"['#findumois', '#giletsjaunesmarseille', '#giletsjaunes83', '#giletjaunes', '#giletjaune', '#drouet', '#giletsjaunes974', '#giletsjaunes976', '#giletsjaunes975', '#giletsjaunes973', '#giletsjaunes972', '#giletsjaunes971', '#acte18', '#acte19', '#acte20', '#9mars2019', '#16mars2019', '#16mars', '#23mars2019', '#30mars2019', '#6avril2019']",https://twitter.com/mouzoulman/status/1103129846425837568,,https://twitter.com/InfirmiereI/status/1103114760046944257,0
1103128707022098432,1103128707022098432,1551841353000,2019-03-06,04:02:33,CET,3917985869,mouzoulman,Mouzoul Man üíõ,,#giletsjaunesmarseille #GiletJaune #GiletJaunes #GiletsJaunes #gilets_jaunes #DirectAN #Acte19 #Acte18 #Acte17 #Acte20 #ActeXVIII #acteXVII #acteXX #acteXIX #9mars2019 #16mars2019 #16mars #23mars2019 #30mars2019 #Drouet #impots #dissolutionAN #retrait√©s #taxes #essence #findumois https://twitter.com/InfirmiereI/status/1103117452194562052¬†‚Ä¶,,['https://twitter.com/InfirmiereI/status/1103117452194562052'],[],0,1,0,,"['#giletsjaunesmarseille', '#giletjaune', '#giletjaunes', '#giletsjaunes', '#gilets_jaunes', '#directan', '#acte19', '#acte18', '#acte17', '#acte20', '#actexviii', '#actexvii', '#actexx', '#actexix', '#9mars2019', '#16mars2019', '#16mars', '#23mars2019', '#30mars2019', '#drouet', '#impots', '#dissolutionan', '#retrait√©s', '#taxes', '#essence', '#findumois']",https://twitter.com/mouzoulman/status/1103128707022098432,,https://twitter.com/InfirmiereI/status/1103117452194562052,0
1102831307418161157,1102831307418161157,1551770447000,2019-03-05,08:20:47,CET,1095704300511207424,motardsgjfrance,üèçMotards Gilets Jaunes Franceüèç,,"#Acte17 #Acte18 #Acte19...  Groupe de Motards de France #Giletsjaunes,votre publication sur nos supports pour les prochaines semaines,contactez-nous et rejoignez-nous  http://bit.ly/2HdCVHn¬† #Moto #France #R√©gions #CarlosGhosn #Bikers #MotardsGiletsJaunesFrance #Giletjaune pic.twitter.com/RbjLcEJMm6",,['http://bit.ly/2HdCVHn'],['https://pbs.twimg.com/media/D04KN58XQAAtLwN.jpg'],0,0,2,,"['#acte17', '#acte18', '#acte19', '#giletsjaunes', '#moto', '#france', '#r√©gions', '#carlosghosn', '#bikers', '#motardsgiletsjaunesfrance', '#giletjaune']",https://twitter.com/MotardsGJFRANCE/status/1102831307418161157,,,0
1102676305269669890,1102676305269669890,1551733492000,2019-03-04,22:04:52,CET,249401017,wwrevolution,WorldWideRevolution,,9 mars. √™tes-vous pr√™t pour l'acte 17? #GiletJaune #GiletsJaunes #JeSuisUnGiletJaune #Macron #Poll #Sondage #Acte19 #Acte18 #Acte17 #Acte19 #ActeXVIII #ActeXVII #Act17 #ActXVII #YellowVests #YellowVest #GiletsJaunesParis #VivaLaFrance #RIC #JoinTheMovement #GILETS_JAUNES,,[],[],2,3,1,,"['#giletjaune', '#giletsjaunes', '#jesuisungiletjaune', '#macron', '#poll', '#sondage', '#acte19', '#acte18', '#acte17', '#acte19', '#actexviii', '#actexvii', '#act17', '#actxvii', '#yellowvests', '#yellowvest', '#giletsjaunesparis', '#vivalafrance', '#ric', '#jointhemovement', '#gilets_jaunes']",https://twitter.com/WWRevolution/status/1102676305269669890,,,0
1102522938467725312,1102510239830757376,1551696927000,2019-03-04,11:55:27,CET,120865840,elisa6666,√âlisabeth #Acte17 StopViolencesPolicieres,,Les #GiletsJaunes c fini ?  Bin non les duglands. Dans vos r√™ves seulement.   rdv #acte17 #Acte18 #acte19 #acte20 ...  les boules?  Tant mieux üòÅ,"['sudradio', 'valerie_expert', 'ifopopinion', 'sdementhon', 'richardorlinski', 'm_ghisa', 'putsch_mag']",[],[],1,0,2,,"['#giletsjaunes', '#acte17', '#acte18', '#acte19', '#acte20']",https://twitter.com/Elisa6666/status/1102522938467725312,,,0
1102255241846755328,1102255241846755328,1551633103000,2019-03-03,18:11:43,CET,246256626,veranoaz,gema,,"El, la, la, la, GI-lets-Jaunes  LA, la, la, la, GI-lets-jaunes üéºüéªüéº üé∏üéºüé∫üéºüé∑ #GiletsJaunes los centenares de kil√≥metros amarillos  ya en el contador , y esto en medio del invierno. ¬øPuedes imaginar c√≥mo ser√° en la primavera? #Acte19  https://twitter.com/aragon_jb/status/1102163720363536384¬†‚Ä¶",,['https://twitter.com/aragon_jb/status/1102163720363536384'],[],0,1,2,,"['#giletsjaunes', '#acte19']",https://twitter.com/veranoaz/status/1102255241846755328,,https://twitter.com/aragon_jb/status/1102163720363536384,0
1102163720363536384,1102163720363536384,1551611282000,2019-03-03,12:08:02,CET,736414651664224256,aragon_jb,JBAragon #NonAuxR√©gressions,,"La, la, la la, la la, les Gi-lets-Jaunes, la, la, la la, la la, les Gi-lets-Jaunesüéºüéªüéº üé∏üéºüé∫üéºüé∑ #GiletsJaunes Des centaines de kilom√®tres d√©j√† au compteur, et ce en plein hiver. Vous imaginez ce que ce sera au printemps ? #Acte19  https://twitter.com/KairosNeige/status/1102158719536807936¬†‚Ä¶",,['https://twitter.com/KairosNeige/status/1102158719536807936'],[],1,42,45,,"['#giletsjaunes', '#acte19']",https://twitter.com/aragon_jb/status/1102163720363536384,,https://twitter.com/KairosNeige/status/1102158719536807936,0
1101658898421948417,1101658898421948417,1551490923000,2019-03-02,02:42:03,CET,249401017,wwrevolution,WorldWideRevolution,,2 mars. √™tes-vous pr√™t pour l'acte 16? #GiletJaune #GiletsJaunes #JeSuisUnGiletJaune #Macron #Poll #Sondage #Acte16 #Acte18 #Acte17 #Acte19 #ActeXVI #ActeXVII #Act16 #ActXVI #YellowVests #YellowVest #GiletsJaunesParis #VivaLaFrance #RIC #JoinTheMovement #GILETS_JAUNES,,[],[],0,3,2,,"['#giletjaune', '#giletsjaunes', '#jesuisungiletjaune', '#macron', '#poll', '#sondage', '#acte16', '#acte18', '#acte17', '#acte19', '#actexvi', '#actexvii', '#act16', '#actxvi', '#yellowvests', '#yellowvest', '#giletsjaunesparis', '#vivalafrance', '#ric', '#jointhemovement', '#gilets_jaunes']",https://twitter.com/WWRevolution/status/1101658898421948417,,,0
1101197132411949057,1101197132411949057,1551380830000,2019-02-28,20:07:10,CET,772720195,missbritaustin,Brittany Austin,, https://photos.app.goo.gl/29ZxS3XLx7sSK9N78¬†‚Ä¶ So proud of our Patriots for their hard work and how well they represented us at #ACTE19. #DLDay #PikeRoadWay,,['https://photos.app.goo.gl/29ZxS3XLx7sSK9N78'],[],0,0,1,,"['#acte19', '#dlday', '#pikeroadway']",https://twitter.com/missbritaustin/status/1101197132411949057,,,0
1100871844448608260,1100871844448608260,1551303275000,2019-02-27,22:34:35,CET,47437779,yarvic,Yarvic œÜ,,#MacronCompliceDuPire  Sans commentaire.  #acte16 #acte17 #acte18 #acte19 #acte20 Etc...  ¬´Gilets jaunes¬ª: Macron d√©fend les conditions d'usage des LBD face aux critiques du Conseil de l'Europe. https://www.20minutes.fr/societe/2461359-20190227-gilets-jaunes-macron-defend-conditions-usage-lbd-face-critiques-conseil-europe¬†‚Ä¶,,['https://www.20minutes.fr/societe/2461359-20190227-gilets-jaunes-macron-defend-conditions-usage-lbd-face-critiques-conseil-europe'],[],6,35,23,,"['#macroncomplicedupire', '#acte16', '#acte17', '#acte18', '#acte19', '#acte20']",https://twitter.com/yarvic/status/1100871844448608260,,,0
1100467433347969025,1100467433347969025,1551206856000,2019-02-26,19:47:36,CET,727489636273131520,streetpil1,Streetpilot-banners,,"L'#UnionEuropeenne la prochaine montagne √† gravir #GiletsJaunesEU pour retrouver un √©quilibre et pouvoir d√©cider ce qui est bon pour son pays. Le monde √©volue, la politique le devra aussi! #Acte16 #Acte17 #Acte18 #Acte19 #RIC #Europe #Europeennes2019  pic.twitter.com/DXlazvOv4Q  https://twitter.com/CRE_SciencesPo/status/1100337588722909184¬†‚Ä¶",,['https://twitter.com/CRE_SciencesPo/status/1100337588722909184'],[],0,0,0,,"['#unioneuropeenne', '#giletsjauneseu', '#acte16', '#acte17', '#acte18', '#acte19', '#ric', '#europe', '#europeennes2019']",https://twitter.com/streetpil1/status/1100467433347969025,,,1
1099967057200930816,1099050655912812544,1551087557000,2019-02-25,10:39:17,CET,1058818713309401088,marine75159710,Marine75159710,,Bravo √† #Acte19 qui l as maquill√© c √©tait bluffant  ! Chapeau bas üëèüëè,"['cinemacanalplus', 'canalplus', 'mycanal']",[],[],0,0,0,,['#acte19'],https://twitter.com/marine75159710/status/1099967057200930816,,,0
1099489460495020032,1097360011641131008,1550973689000,2019-02-24,03:01:29,CET,249401017,wwrevolution,WorldWideRevolution,,#Acte16 = #MacronDemission #Acte17 = #GiletsJaunes #Acte18 = #Humanity #Acte19 = #WorldWideRevolution #Acte20 = #PeaceProsperity #Acte21 = #WorldUnity #Acte22 = #EndOfPoverty #Acte23 = #Progress #Acte24 = #Jesus #Acte25 = #Trump2020LandSlide #Merci pic.twitter.com/r6g0vpwIrG,['whattheworld'],[],"['https://pbs.twimg.com/media/DzqbG0bWsAA4kkf.jpg', 'https://pbs.twimg.com/media/DzqbG0cXgAANpHH.jpg', 'https://pbs.twimg.com/media/DzqbG0cX4AAX7Si.jpg', 'https://pbs.twimg.com/media/DzqbG0qXgAADg7x.jpg']",2,1,0,,"['#acte16', '#macrondemission', '#acte17', '#giletsjaunes', '#acte18', '#humanity', '#acte19', '#worldwiderevolution', '#acte20', '#peaceprosperity', '#acte21', '#worldunity', '#acte22', '#endofpoverty', '#acte23', '#progress', '#acte24', '#jesus', '#acte25', '#trump2020landslide', '#merci']",https://twitter.com/WWRevolution/status/1099489460495020032,,,0
1097404428771049473,1097404428771049473,1550476579000,2019-02-18,08:56:19,CET,891371293563596800,drmo7og,Dr.mo7og,,Les #giletsjaunes appellent au #blocage des ronds points le #20mars #acte19 #Monde #politique #Plan√®te #paris #manifestation pic.twitter.com/uwEEOSavyp,,[],['https://pbs.twimg.com/media/DzrDbocWoAA76D6.jpg'],0,2,1,,"['#giletsjaunes', '#blocage', '#20mars', '#acte19', '#monde', '#politique', '#plan√®te', '#paris', '#manifestation']",https://twitter.com/DrMo7oG/status/1097404428771049473,,,0
1097360011641131008,1097360011641131008,1550465989000,2019-02-18,05:59:49,CET,249401017,wwrevolution,WorldWideRevolution,,#Acte15 = #MacronDemission #Acte16 = #GiletsJaunes #Acte17 = #VivaLaFrance #Acte18 = #Humanity #Acte19 = #WorldWideRevolution #Acte20 = #PeaceProsperity #Acte21 = #WorldUnity #Acte22 = #EndOfPoverty #Acte23 = #Progress #Acte24 = #Jesus #Acte25 = #Trump2020LandSlide #Merci pic.twitter.com/r6g0vpwIrG,,[],"['https://pbs.twimg.com/media/DzqbG0bWsAA4kkf.jpg', 'https://pbs.twimg.com/media/DzqbG0cXgAANpHH.jpg', 'https://pbs.twimg.com/media/DzqbG0cX4AAX7Si.jpg', 'https://pbs.twimg.com/media/DzqbG0qXgAADg7x.jpg']",1,4,4,,"['#acte15', '#macrondemission', '#acte16', '#giletsjaunes', '#acte17', '#vivalafrance', '#acte18', '#humanity', '#acte19', '#worldwiderevolution', '#acte20', '#peaceprosperity', '#acte21', '#worldunity', '#acte22', '#endofpoverty', '#acte23', '#progress', '#acte24', '#jesus', '#acte25', '#trump2020landslide', '#merci']",https://twitter.com/WWRevolution/status/1097360011641131008,,,0
1097256964126621696,1097256964126621696,1550441420000,2019-02-17,23:10:20,CET,1255317817,j_f_ken,üêùJFKen œÜ üêù Pierre R√©fractaireüîª Fi-on/666,, https://www.youtube.com/watch?v=1FmHQr_Vs08¬†‚Ä¶  Interlude musical  #giletsjaunes #acte15 #acte16 #acte17 #acte18 #acte19 #acte20 #guillotine,,['https://www.youtube.com/watch?v=1FmHQr_Vs08'],[],1,0,2,,"['#giletsjaunes', '#acte15', '#acte16', '#acte17', '#acte18', '#acte19', '#acte20', '#guillotine']",https://twitter.com/J_F_Ken/status/1097256964126621696,,,0
1096900841519411201,1096900841519411201,1550356514000,2019-02-16,23:35:14,CET,1255317817,j_f_ken,üêùJFKen œÜ üêù Pierre R√©fractaireüîª Fi-on/666,,"Oh merde, un Breton veut nous r√©tablir l' #esclavage  Mais ces gens sont fous. #giletsjaunes #acte15 #acte16 #acte17 #acte18 #acte19 #acte20 #acte21 #acte22 #acte23 https://twitter.com/ccastanette/status/1096859959596331015¬†‚Ä¶",,['https://twitter.com/ccastanette/status/1096859959596331015'],[],0,1,0,,"['#esclavage', '#giletsjaunes', '#acte15', '#acte16', '#acte17', '#acte18', '#acte19', '#acte20', '#acte21', '#acte22', '#acte23']",https://twitter.com/J_F_Ken/status/1096900841519411201,,https://twitter.com/ccastanette/status/1096859959596331015,0
1096812560085585922,1096812560085585922,1550335466000,2019-02-16,17:44:26,CET,406377375,olivierrimmel,Olivier Rimmel üïäÔ∏è,,"Dans quelques semaines, vers l'#acte18 ou l'#acte19 des gens diront que la manifestation des #GiletsJaunes c'est en r√©alit√© une manifestation contre les juifs, une manifestation #antis√©mite.",,[],[],1,1,4,,"['#acte18', '#acte19', '#giletsjaunes', '#antis√©mite']",https://twitter.com/OlivierRimmel/status/1096812560085585922,,,0
1096787240364265472,1096787240364265472,1550329430000,2019-02-16,16:03:50,CET,415730883,chsaintvincent,Ch.StVincentauteur‚úíœÜ,,#acte1 #acte2 #acte3 #acte4 #acte5 #acte6 #acte7 #acte8 #acte9 #acte10 #acte11 #acte12 #acte13 #acte14 #acte15? #acte16? #acte17? #acte18? #acte19? #acte20? #acte21? ... Et combien d'autres seront-ils encore n√©cessaires? #GiletsJaunes,,[],[],1,1,0,,"['#acte1', '#acte2', '#acte3', '#acte4', '#acte5', '#acte6', '#acte7', '#acte8', '#acte9', '#acte10', '#acte11', '#acte12', '#acte13', '#acte14', '#acte15', '#acte16', '#acte17', '#acte18', '#acte19', '#acte20', '#acte21', '#giletsjaunes']",https://twitter.com/ChSaintVincent/status/1096787240364265472,,,0
1096657224464809984,1096657224464809984,1550298431000,2019-02-16,07:27:11,CET,1010477001021575168,wouaff1,wouaff,,#Acte14 une partie des #Giletsjaune sont devenus des #Professionels de la kom et promettent pour #Acte19 avec sur la toile la #Fiscalit√© et photos de #Vacances des #MediasTV  et #LREM  remise gratuite √† #Closer #BFMTV #CNews #LCI Tatou√©s √† vie et Sans #Fakesnews #France #Europe,,[],[],0,1,0,,"['#acte14', '#giletsjaune', '#professionels', '#acte19', '#fiscalit√©', '#vacances', '#mediastv', '#lrem', '#closer', '#bfmtv', '#cnews', '#lci', '#fakesnews', '#france', '#europe']",https://twitter.com/wouaff1/status/1096657224464809984,,,0
1095679166324920320,1095662988609155072,1550065244000,2019-02-13,14:40:44,CET,2597917896,warnaudw,üÑ∞rnaud ...,,Le calendrier des manifestations des #GiletsJaunes √† venir :  Samedi 16 F√©vrier #Acte14 Samedi 23 F√©vrier #Acte15 Samedi 2 Mars #Acte16 Samedi 9 Mars #Acte17 Samedi 16 Mars #Acte18 Samedi 23 Mars #Acte19  Samedi 30 Mars #Acte20 Samedi 6 Avril #Acte21 Samedi 13 Avril #Acte22,"['espritentrepris', 'mouvethic']",[],[],0,2,2,,"['#giletsjaunes', '#acte14', '#acte15', '#acte16', '#acte17', '#acte18', '#acte19', '#acte20', '#acte21', '#acte22']",https://twitter.com/wArnaudw/status/1095679166324920320,,,0
1095032956534644743,1095028298294415365,1549911176000,2019-02-11,19:52:56,CET,2597917896,warnaudw,üÑ∞rnaud ...,,Le calendrier des manifestations des #GiletsJaunes √† venir :  Samedi 16 F√©vrier #Acte14 Samedi 23 F√©vrier #Acte15 Samedi 2 Mars #Acte16 Samedi 9 Mars #Acte17 Samedi 16 Mars #Acte18 Samedi 23 Mars #Acte19  Samedi 30 Mars #Acte20 Samedi 6 Avril #Acte21 Samedi 13 Avril #Acte22,['filfrance'],[],[],0,0,1,,"['#giletsjaunes', '#acte14', '#acte15', '#acte16', '#acte17', '#acte18', '#acte19', '#acte20', '#acte21', '#acte22']",https://twitter.com/wArnaudw/status/1095032956534644743,,,0
1095027936162402310,1095027936162402310,1549909979000,2019-02-11,19:32:59,CET,2597917896,warnaudw,üÑ∞rnaud ...,,Le calendrier des manifestations des #GiletsJaunes √† venir :  Samedi 16 F√©vrier #Acte14 Samedi 23 F√©vrier #Acte15 Samedi 2 Mars #Acte16 Samedi 9 Mars #Acte17 Samedi 16 Mars #Acte18 Samedi 23 Mars #Acte19  Samedi 30 Mars #Acte20 Samedi 6 Avril #Acte21 Samedi 13 Avril #Acte22,,[],[],1,2,1,,"['#giletsjaunes', '#acte14', '#acte15', '#acte16', '#acte17', '#acte18', '#acte19', '#acte20', '#acte21', '#acte22']",https://twitter.com/wArnaudw/status/1095027936162402310,,,0
1095002996046471174,1095002996046471174,1549904033000,2019-02-11,17:53:53,CET,135321417,shameka98,Shameka Montgomery,,CTE Matters for all!   https://infograph.venngage.com/ps/JraFksKzUc/lrsdcte-infographic¬†‚Ä¶ @ARCareerEd #acte19 #lrsdcte,['arcareered'],['https://infograph.venngage.com/ps/JraFksKzUc/lrsdcte-infographic'],[],0,1,2,,"['#acte19', '#lrsdcte']",https://twitter.com/shameka98/status/1095002996046471174,,,0
1094950321825165313,1094327020279025665,1549891474000,2019-02-11,14:24:34,CET,1080127887980793856,sasucrerie2019,Sa Sucrerie,,"Le pire √©tant les 2 trouducs, dont 1 p√©dophile, qui √©taient derri√®re les barricades en 68 et qui maintenant l√®chent le cul de l'oligarchie ü§Æ #GiletsJaunes #Acte13 #ActeXIII #Acte14 #Acte15 #Acte16 #Acte17 #Acte18 #Acte19 #Acte20","['jduguesclin', 'bfmtv']",[],[],0,0,1,,"['#giletsjaunes', '#acte13', '#actexiii', '#acte14', '#acte15', '#acte16', '#acte17', '#acte18', '#acte19', '#acte20']",https://twitter.com/SaSucrerie2019/status/1094950321825165313,,,0
1094340259645673472,1094268968301486081,1549746024000,2019-02-09,22:00:24,CET,1255317817,j_f_ken,üêùJFKen œÜ üêù Pierre R√©fractaireüîª Fi-on/666,,Magnifique ‚ô•  On lache rien ! #acte15 #acte16 #acte17 #acte18 #acte19 #acte20,"['bif_o', 'adrienghenassia']",[],[],2,1,1,,"['#acte15', '#acte16', '#acte17', '#acte18', '#acte19', '#acte20']",https://twitter.com/J_F_Ken/status/1094340259645673472,,,0
1093568882424668160,1093568882424668160,1549562113000,2019-02-07,18:55:13,CET,135321417,shameka98,Shameka Montgomery,,2nd Annual Career Quest 2019 underway for @lrsd 8th grade Career Dev. students. @ARCareerEd #lrsdcte #ACTE19  pic.twitter.com/DJs9vEP97l,"['lrsd', 'arcareered']",[],"['https://pbs.twimg.com/media/Dy0jFiNXcAAmUIL.jpg', 'https://pbs.twimg.com/media/Dy0jFiIXQAEiaCE.jpg', 'https://pbs.twimg.com/media/Dy0jFiFW0AIKybA.jpg', 'https://pbs.twimg.com/media/Dy0jFiJX0AApUTZ.jpg']",0,4,9,,"['#lrsdcte', '#acte19']",https://twitter.com/shameka98/status/1093568882424668160,,,0
1086726531831992325,1086726531831992325,1547930770000,2019-01-19,21:46:10,CET,1005605687572025345,weberalain6,Alain Weber,,UN PETIT AIR DE D√âJ√Ä VU... #GiletsJaunes #giletsjaunes #acte19 #acteX #ilsnousprennentpourdescons pic.twitter.com/QG0iTEvM4K,,[],['https://pbs.twimg.com/media/DxTUBEUXgAQoXCT.jpg'],0,1,2,,"['#giletsjaunes', '#giletsjaunes', '#acte19', '#actex', '#ilsnousprennentpourdescons']",https://twitter.com/weberalain6/status/1086726531831992325,,,0
1084858131178549249,1084858131178549249,1547485308000,2019-01-14,18:01:48,CET,239388844,papynimoy,Jo√´l Yvon Martin Mle 19744 Fich√© #GiletJaune,,"Notre pr√©sident aura r√©ussi √† exporter l'injustice sociale Fran√ßaise dans le monde entier. Le #SavoirFaire √† la #Fran√ßaise, √† l'honneur : #LaRem et @EmmanuelMacron d√©fendent la #Mondialisation, c'est totalement fait. #Acte18 #Acte19 #Acte20 #Acte21 #Acte22 #Acte23 #P√¢ques https://twitter.com/papynimoy/status/1084797250512080897¬†‚Ä¶",['emmanuelmacron'],['https://twitter.com/papynimoy/status/1084797250512080897'],[],0,0,0,,"['#savoirfaire', '#fran√ßaise', '#larem', '#mondialisation', '#acte18', '#acte19', '#acte20', '#acte21', '#acte22', '#acte23', '#p√¢ques']",https://twitter.com/papynimoy/status/1084858131178549249,,https://twitter.com/papynimoy/status/1084797250512080897,0
1071716164722675712,1071716164722675712,1544352019000,2018-12-09,11:40:19,CET,293727129,pascal92vvv,Pascal in Boulogne,,J attends avec impatience #acte19  pour comparer avec #fifa19,,[],[],0,0,1,,"['#acte19', '#fifa19']",https://twitter.com/PASCAL92vvv/status/1071716164722675712,,,0
900880242226733057,900880242226733057,1503621561000,2017-08-25,02:39:21,CET,858098044658757637,stupidtorpedos,nicolas morin,,"jai demander celle si ou celle la...acte19,35 a 37...la ville defaise gardienne de dianne et ne rien faire avec pressipitation...üßê",,[],[],0,0,0,,[],https://twitter.com/StupidTorpedos/status/900880242226733057,,,0
695736219188199424,695736219188199424,1454711415000,2016-02-05,23:30:15,CET,2895898402,mamata_t,Tiendrebeogo Mamata,,"#D√©clarationPoliqueG√©nerale #Acte19  Le commerce, le secteur informel et l‚Äôartisanat    Monsieur le Pr√©sident,...  http://fb.me/4Y8tFIrRu¬†",,['http://fb.me/4Y8tFIrRu'],[],0,0,0,,"['#d√©clarationpoliqueg√©nerale', '#acte19']",https://twitter.com/Mamata_T/status/695736219188199424,,,0
529938087494033409,529938087494033409,1415182060000,2014-11-05,11:07:40,CET,1527366073,quelabibleparle,GOSHEN TV,,"Pens√©e matinale : De quel bapt√™me avez-vous √©t√© baptis√© ?   Dans acte19.3, l‚ÄôAp√¥tre Paul s‚Äôint√©resse √† savoir, le...  http://fb.me/7zRq5Obor¬†",,['http://fb.me/7zRq5Obor'],[],0,0,0,,[],https://twitter.com/quelabibleparle/status/529938087494033409,,,0
509172741086261248,509172741086261248,1410231216000,2014-09-09,04:53:36,CET,561896486,shura97one,ShuR@,,"En Mode ""LAISSE BruLeR"".... #KaBoom  Loulou #Acte19  Il aime TroP SAUTER...lol  #HolidayZ‚Ä¶  http://instagram.com/p/stW0bMoucZ/¬†",,['http://instagram.com/p/stW0bMoucZ/'],[],0,0,0,,"['#kaboom', '#acte19', '#holidayz']",https://twitter.com/shura97One/status/509172741086261248,,,0
446354544101195777,446354544101195777,1395254190000,2014-03-19,19:36:30,CET,1132684616,barcatayfun26,barca-tayfun26,,Acte19; deuxi√®me bar au complet...,,[],[],0,0,0,,[],https://twitter.com/BarcaTayfun26/status/446354544101195777,,,0
